"n_pairs","min_corr","q1_corr","median_corr","mean_corr","q3_corr","max_corr","dataset"
36,0.874818373641443,0.905247430636848,0.93640213961501,0.938103711231065,0.965612214299973,0.992734952310422,"ALL GENES"
36,0.617160587725758,0.645910392664554,0.728847540737446,0.768649760089094,0.863153738168628,0.994124885988308,"CHEMOSENSORY GENES (Name non-empty)"
